Abbe, Abbett, Abbey, Abbitt, Abbot, Abbott, Abbs, Abby, Abdon, Able, Abner, Abney, Aborn, Abrahams, Abram, Abrams, Abramson, Ace, Acey, Acker, Ackerley, Ackerly, Ackerman, Ackers, Ackert, Ackland, Ackley, Acklin, Ackroyd, Acock, Acomb, Acors, Acre, Acreman, Acres, Acton, Acuff, Acy, Adams, Adcock, Adcox, Addams, Adderley, Adderly, Addicott, Addington, Addis, Addison, Addy, Ade, Adee, Ades, Adey, Adgate, Adkins, Adkinson, Adley, Adney, Adrian, Aduddell, Adwell, Ady, Afton, Agar, Agard, Agate, Age, Ager, Agers, Aguillard, Ailes, Ailey, Ailstock, Ainley, Ainsley, Ainslie, Ainsworth, Airey, Airington, Aiton, Ake, Akehurst, Akeley, Akerley, Akers, Akes, Akey, Akin, Alan, Alban, Albany, Albert, Alberts, Albin, Alborn, Albright, Albro, Albury, Alcock, Alcott, Alday, Alden, Alder, Alderman, Alders, Alderson, Alderton, Aldis, Aldous, Aldred, Aldredge, Aldrich, Aldridge, Ale, Aleck, Alewine, Alexander, Aley, Alford, Alfred, Alfrey, Alger, Algood, Aliff, Alison, Alkins, All, Allam, Allan, Allanson, Allard, Allcock, Allcorn, Allday, Allee, Allen, Allender, Allenson, Allerton, Alles, Alley, Alleyne, Allford, Allgood, Allie, Alligood, Allin, Alling, Allingham, Allington, Allinson, Allis, Allison, Alliston, Allman, Allmand, Allmond, Allnutt, Alloway, Allport, Allread, Allred, Alls, Allsbrook, Allsop, Allsopp, Allston, Allsup, Allton, Alltop, Allum, Allums, Allwood, Ally, Allyn, Alman, Almond, Almy, Alred, Alridge, Alsbrook, Alsbury, Alsip, Alsobrook, Alsop, Alston, Alsup, Alton, Alvey, Alvin, Alvis, Alvord, Alward, Alway, Alwin, Alwood, Alworth, Amason, Amber, Amberson, Ambler, Ambrose, Ament, Amerson, Ames, Amesbury, Amey, Amis, Amison, Ammon, Amond, Amor, Amory, Amos, Amsden, Anable, Ancell, Anchors, Anctil, Anderson, Anderton, Andrew, Andrews, Andros, Andrus, Andry, Aney, Angel, Anger, Angers, Angevine, Angier, Angle, Angleton, Angley, Anguish, Angwin, Anker, Ann, Annable, Annand, Annas, Anne, Annear, Anness, Annis, Ansel, Ansell, Anselm, Ansley, Anslow, Anson, Anstead, Ansted, Anstey, Antcliff, Antell, Anthony, Antil, Antill, Antle, Antley, Antrobus, Apland, Apley, Aplin, Apling, Apple, Applebee, Appleberry, Appleby, Applegarth, Applegate, Appleton, Applewhite, Appley, Appleyard, Applin, Appling, Apps, Apsey, Arber, Arbon, Arch, Archbold, Archdeacon, Archer, Archey, Arden, Arendale, Arendall, Arey, Arford, Argent, Arington, Arkell, Arkwright, Arledge, Arling, Arlington, Armer, Armes, Armfield, Armiger, Armistead, Armitage, Arms, Armstead, Armstrong, Arnall, Arne, Arnell, Arness, Arnet, Arnett, Arnold, Arnot, Arnott, Arras, Arrasmith, Arrendale, Arrington, Arrow, Arrowsmith, Arscott, Arter, Arthur, Artis, Artley, Arundel, Arvey, Arwood, Ary, Asay, Asberry, Asbridge, Asbury, Asby, Asch, Asche, Ash, Ashbridge, Ashbrook, Ashburn, Ashby, Ashcroft, Ashdown, Ashe, Asher, Ashfield, Ashford, Ashland, Ashley, Ashlin, Ashlock, Ashman, Ashmead, Ashmore, Ashton, Ashurst, Ashwell, Ashwill, Ashwood, Ashworth, Ask, Asker, Askew, Askey, Askin, Askins, Askren, Aslin, Asp, Aspden, Aspell, Aspen, Aspinall, Aspinwall, Asplin, Asquith, Astbury, Aster, Astin, Astle, Astley, Aston, Astor, Aswell, Atcher, Atchley, Ater, Athearn, Atherley, Atherton, Athey, Athy, Atkeson, Atkin, Atkins, Atkinson, Atlee, Atmore, Atnip, Aton, Attard, Attaway, Atteberry, Attebury, Atterberry, Atterbury, Attridge, Attwood, Atwater, Atwell, Atwill, Atwood, Aube, Auberry, Aubert, Aubrey, Aucutt, Audas, Audiss, Audley, Audrey, Auger, Augur, Auker, Ausley, Austell, Austen, Austin, Auston, Auton, Autry, Avant, Avary, Aven, Avent, Averett, Averill, Avery, Aves, Avey, Avis, Avon, Awbrey, Axe, Axford, Axley, Axon, Axsom, Axson, Axtell, Axton, Ayars, Aycock, Aycox, Ayer, Ayers, Ayler, Ayles, Aylesworth, Ayling, Aylor, Aylward, Aymond, Ayre, Ayres, Aytes, Babb, Babbit, Babbitt, Babbs, Babcock, Baber, Babington, Bacchus, Baccus, Bach, Bache, Bachelder, Bachelor, Bacher, Bachus, Back, Backer, Backhus, Backman, Backs, Backus, Bacon, Baddeley, Badder, Badders, Bade, Badger, Badgley, Badham, Badley, Badman, Bafford, Bagby, Bagg, Baggarly, Bagge, Baggerly, Baggett, Baggott, Baggs, Bagley, Bagnall, Bagnell, Bagot, Bagshaw, Bagwell, Baham, Bail, Baile, Bailer, Bailes, Bailey, Bailiff, Bailor, Bails, Baily, Bain, Bainbridge, Baine, Baines, Bains, Bainum, Baisden, Baisley, Bake, Bakehouse, Baker, Bakewell, Balch, Balderson, Balderston, Balding, Baldock, Baldon, Baldridge, Baldry, Baldwin, Baldy, Bale, Bales, Balis, Ball, Ballam, Ballance, Ballard, Balle, Ballenger, Baller, Ballester, Ballinger, Ballon, Balls, Balmer, Balon, Balsam, Balson, Balster, Balthrop, Bamber, Bamford, Banbury, Bancroft, Band, Bandy, Bane, Baney, Banfield, Banford, Bangs, Banister, Bank, Banker, Bankes, Banks, Bann, Banner, Banning, Bannister, Banter, Banton, Banville, Banwell, Baptist, Baptiste, Barbara, Barbary, Barber, Barbery, Barcroft, Bardell, Barden, Bardin, Bardon, Bardsley, Bardwell, Bardy, Bare, Barefield, Barefoot, Bareford, Bares, Barfield, Barge, Barham, Bark, Barke, Barkell, Barker, Barkes, Barkett, Barks, Barkus, Barlet, Barlett, Barley, Barling, Barlow, Barlowe, Barmore, Barnaby, Barnard, Barnell, Barner, Barnes, Barnet, Barnett, Barney, Barnfield, Barnhill, Barnhouse, Barnicle, Barnish, Barns, Barnum, Barnwell, Baron, Barr, Barraclough, Barrand, Barras, Barratt, Barrell, Barren, Barret, Barrett, Barrick, Barrington, Barris, Barritt, Barron, Barrons, Barrow, Barrowman, Barrows, Barrs, Barrus, Barry, Barson, Barstow, Bart, Bartell, Barten, Barter, Bartholomew, Bartle, Bartlett, Bartlette, Bartley, Barton, Bartram, Bartron, Barwick, Bascom, Bascomb, Basden, Basey, Basford, Bash, Basham, Bashford, Basil, Baskerville, Baskett, Bason, Bass, Bassett, Bassford, Bassham, Bastin, Basting, Baston, Bastow, Batch, Batchelder, Batcheller, Batchelor, Batchler, Bate, Bateman, Bater, Bates, Bateson, Batey, Bath, Bathe, Bathurst, Batley, Batman, Batson, Batt, Batte, Batten, Battersby, Battershell, Batterson, Batterton, Battey, Battin, Battle, Battles, Batton, Batts, Batty, Baty, Baulch, Baum, Baver, Bavis, Bawden, Bax, Baxendale, Baxley, Baxter, Bay, Bayard, Baye, Bayes, Bayle, Bayles, Bayless, Bayley, Bayliff, Baylis, Bayliss, Baylor, Bayly, Bayman, Baynard, Bayne, Baynes, Baynham, Bays, Baysden, Bayse, Bazley, Beach, Beacham, Beachem, Beacher, Beachley, Beadle, Beadles, Beadling, Beadnell, Beagle, Beagles, Beal, Beale, Beales, Beall, Beals, Beam, Beaman, Beamer, Beames, Beamish, Beams, Bean, Beaner, Beanland, Beans, Bear, Beard, Beardall, Beardmore, Beardsley, Beare, Bearer, Bearfield, Bearman, Bearup, Beasley, Beaston, Beat, Beatley, Beatson, Beauchamp, Beauford, Beaufort, Beaumont, Beaver, Beavers, Beavin, Beazer, Beazley, Bebb, Becher, Beck, Becker, Becket, Beckett, Beckey, Beckford, Beckham, Becking, Beckles, Beckley, Beckman, Becknell, Beckwith, Beckworth, Becraft, Beddingfield, Bedell, Bedford, Bedgood, Bedient, Bedingfield, Bedsworth, Bedwell, Bee, Beebe, Beebee, Beeby, Beech, Beecham, Beecher, Beeching, Beecroft, Beed, Beedle, Beeks, Beel, Beeley, Beeman, Beemer, Been, Beeney, Beer, Beere, Beers, Bees, Beese, Beesley, Beeson, Beetham, Beeton, Beets, Beever, Beevers, Beezley, Beilby, Bel, Belch, Belcher, Belcourt, Belden, Beldin, Belding, Beldon, Belew, Beley, Belfield, Belford, Belger, Belgrave, Belk, Belknap, Bell, Bellamy, Bellanger, Bellar, Bellard, Bellas, Beller, Bellew, Bellinger, Bellingham, Bellman, Bellock, Bellow, Bellows, Bellus, Belmont, Belmore, Below, Belshaw, Belson, Belt, Belton, Belvedere, Belvin, Beman, Bement, Bemis, Benbow, Benbrook, Bence, Bench, Bendall, Bendel, Bendell, Bender, Bendle, Bendon, Bendy, Benedick, Benedict, Benefield, Benet, Benfield, Benford, Benham, Benison, Benjamin, Benn, Benner, Bennet, Bennett, Bennetts, Benney, Benninger, Benningfield, Bennington, Bennis, Bennison, Bennitt, Benns, Benny, Benskin, Bensley, Benson, Bent, Benthall, Bentham, Bentley, Benton, Beresford, Berfield, Beringer, Berisford, Berkeley, Berkes, Berkey, Berkley, Berks, Berkshire, Berley, Berman, Bermingham, Bernard, Berner, Berney, Berridge, Berriman, Berringer, Berry, Berryman, Bert, Bertram, Bertrand, Berwick, Besley, Beson, Bess, Bessent, Best, Beste, Bester, Bestwick, Beswick, Bethany, Bethard, Betley, Betson, Bett, Better, Betteridge, Betterley, Betterton, Bettes, Bettis, Betton, Bettridge, Betts, Betty, Bevans, Bevel, Bevens, Bever, Beverley, Beverly, Bevil, Bevill, Beville, Bevington, Bevins, Bevis, Bewick, Bewley, Bexley, Bias, Bibb, Bibbins, Bibbs, Bibby, Bible, Biby, Bice, Bick, Bickel, Bickell, Bicker, Bickers, Bickerstaff, Bickerton, Bickford, Bickham, Bickley, Bickmore, Bicknell, Biddick, Biddison, Biddix, Biddle, Biddulph, Biddy, Bidgood, Bidwell, Bielby, Bier, Bierly, Biers, Biever, Big, Bigby, Bigelow, Bigford, Bigg, Bigge, Bigger, Biggers, Biggerstaff, Biggie, Biggins, Biggs, Biglin, Biglow, Bignell, Bigsby, Bigwood, Bilberry, Bilbo, Bilby, Biles, Bill, Billen, Biller, Billet, Billett, Billey, Billing, Billingham, Billings, Billingslea, Billingsley, Billingsly, Billington, Billiter, Billman, Billock, Billow, Billups, Billy, Bilson, Bilton, Binford, Bing, Bingham, Bingley, Bink, Binkley, Binks, Binner, Binney, Binning, Binns, Birch, Birchall, Birchard, Birchell, Birchenough, Bircher, Birchett, Birchfield, Birckhead, Bird, Birdsall, Birdsell, Birdsey, Birdwell, Bireley, Bires, Biringer, Birk, Birkbeck, Birkes, Birkett, Birkhead, Birks, Birmingham, Biron, Birt, Birtcher, Bisbee, Bisby, Biscoe, Bise, Bish, Bishop, Biss, Bissell, Bissett, Bissey, Biswell, Bitton, Bivens, Bivins, Bixby, Bizzell, Bizzle, Blachly, Black, Blackaby, Blackard, Blackbourn, Blackburn, Blacker, Blackerby, Blackett, Blackford, Blackham, Blackhurst, Blackiston, Blackledge, Blackler, Blacklidge, Blacklock, Blackman, Blackmar, Blackmer, Blackmon, Blackmore, Blackmun, Blacknall, Blackner, Blackney, Blackshaw, Blacksmith, Blackson, Blackstock, Blackston, Blackstone, Blackwell, Blackwood, Blade, Bladen, Blades, Bladow, Blagg, Blain, Blaisdell, Blaise, Blake, Blakeley, Blakely, Blakeman, Blakemore, Blakeney, Blaker, Blakes, Blakeslee, Blakesley, Blakeway, Blakey, Blakley, Blakney, Blalock, Blamer, Blan, Blanch, Blanchard, Bland, Blandford, Blanding, Blanford, Blankenship, Blankinship, Blankley, Blanks, Blann, Blanton, Blasdel, Blasdell, Blasingame, Blassingame, Blatchford, Blatchley, Blaxton, Blay, Blaydes, Blaylock, Blaze, Blazey, Blazier, Blea, Bleak, Bleakley, Bleakney, Blease, Bleckley, Bledsoe, Blessing, Blessington, Blevens, Blevins, Blewett, Blewitt, Blick, Bligh, Blight, Blincoe, Blind, Bline, Blink, Blinkhorn, Blish, Bliss, Blissett, Blizard, Blizzard, Block, Blocker, Blois, Bloise, Blondell, Blong, Blood, Bloodsworth, Bloodworth, Bloom, Bloomer, Bloomfield, Bloor, Blore, Blossom, Blount, Blow, Blowe, Blower, Blowers, Bloxham, Bludworth, Blue, Bluett, Bluitt, Blumer, Blundell, Blunden, Blunt, Blurton, Blush, Bly, Blye, Blyth, Blythe, Boal, Boals, Board, Boardley, Boardman, Boarman, Boas, Boast, Boatman, Boatright, Boatwright, Bobb, Bobbett, Bobbitt, Bobby, Bock, Bocock, Bocook, Boddie, Boddy, Bodell, Boden, Bodey, Bodge, Bodie, Bodily, Bodin, Bodkins, Bodle, Bodley, Bodman, Bodwell, Body, Boff, Boggess, Boggs, Boggus, Boice, Boise, Bolam, Boland, Bolas, Bold, Bolden, Boldin, Bolding, Boldon, Boldrey, Bolen, Boler, Boley, Boleyn, Bolger, Boliver, Bollard, Bollen, Bolling, Bollom, Bolmer, Bolson, Bolstridge, Bolt, Bolte, Bolter, Bolton, Bolus, Bolyard, Boman, Bond, Bonde, Bonds, Bone, Boner, Bones, Boney, Bonfield, Bonham, Boniface, Bonifas, Bonn, Bonnell, Bonner, Bonnet, Bonney, Bonniwell, Bonny, Bonsall, Bonsell, Bonser, Bonson, Bonwell, Boody, Bookbinder, Booke, Booker, Boon, Boone, Boor, Boord, Boore, Boorman, Boot, Boote, Booth, Boothby, Boothe, Boothman, Boothroyd, Booton, Booty, Boozer, Boram, Borden, Border, Borders, Bordley, Bordwell, Borell, Borer, Borman, Born, Borne, Borner, Borom, Boroughs, Borow, Borrell, Borron, Borrowman, Borton, Borum, Bose, Boshell, Bosley, Boss, Bossard, Bossom, Bostick, Bostock, Boston, Bostwick, Bosworth, Botham, Bothell, Botkins, Botsford, Bott, Botten, Botting, Bottom, Bottomley, Bottoms, Bottrell, Botts, Bottum, Bouch, Boucher, Bough, Boughey, Boughton, Boulden, Bouldin, Bouler, Boulter, Boulton, Bound, Bounds, Boundy, Bourke, Bourn, Bourne, Bourns, Boustead, Boutwell, Bovell, Bovey, Bow, Bowcutt, Bowden, Bowditch, Bowdle, Bowell, Bowen, Bowens, Bower, Bowerman, Bowers, Bowery, Bowes, Bowhay, Bowick, Bowker, Bowlan, Bowlby, Bowlds, Bowler, Bowles, Bowley, Bowlin, Bowling, Bowlsby, Bowman, Bowmer, Bown, Bownds, Bowne, Bownes, Bowns, Bowring, Bowron, Bowser, Bowsher, Bowyer, Box, Boxell, Boxer, Boxley, Boxwell, Boyce, Boyden, Boye, Boyer, Boyers, Boyes, Boyington, Boykin, Boylan, Boyland, Boynton, Boys, Boyson, Boyt, Braband, Brabazon, Brabham, Brabson, Brace, Bracewell, Bracey, Brach, Bracher, Brack, Bracken, Brackenbury, Brackenridge, Brackett, Brackley, Bracknell, Bracy, Brad, Bradberry, Bradburn, Bradbury, Bradby, Braddock, Braddy, Bradfield, Bradford, Bradham, Brading, Bradley, Bradner, Bradney, Bradow, Bradshaw, Bradstreet, Bradway, Bradwell, Brafford, Braford, Bragdon, Bragg, Braggs, Braham, Brailey, Brailsford, Brainard, Brainerd, Braithwaite, Brake, Brakefield, Braley, Bramble, Bramblett, Brame, Bramel, Bramhall, Bramlet, Bramlett, Bramley, Brammell, Brammer, Bramson, Bramwell, Branch, Brand, Brandom, Brandon, Branford, Branham, Brann, Brannam, Branscomb, Bransford, Bransom, Branson, Brant, Brantingham, Branton, Branyan, Branyon, Braselton, Brasher, Brasier, Brasington, Brass, Brasseur, Brassfield, Brassington, Braswell, Bratcher, Brathwaite, Bratt, Brattle, Bratton, Braughton, Braund, Brawdy, Brawn, Braxton, Bray, Brayfield, Brayshaw, Brayton, Brazelton, Brazier, Breach, Bready, Breakey, Breakfield, Bream, Brearley, Brecher, Breck, Breckenridge, Brede, Breden, Breech, Breed, Breeden, Breedlove, Breese, Brelsford, Brenchley, Brenner, Brent, Brenton, Brereton, Breton, Brett, Brewer, Brewin, Brewington, Brewster, Brewton, Brian, Brice, Brich, Brick, Brickell, Bricker, Brickett, Brickley, Bride, Bridewell, Bridge, Bridgeford, Bridgeman, Bridger, Bridgers, Bridges, Bridgett, Bridgewater, Bridgford, Bridgham, Bridgman, Bridgwater, Bridwell, Brien, Brier, Brierley, Brierly, Brierton, Brigham, Bright, Brightman, Brighton, Brightwell, Brigman, Briley, Brill, Brim, Brimage, Brimhall, Brimley, Brimm, Brindle, Brindley, Brine, Brines, Briney, Brining, Brinkley, Brinkworth, Brinley, Brinson, Brint, Brinton, Brisby, Briscoe, Brisendine, Brisker, Briskey, Brisley, Brison, Brissenden, Brister, Bristol, Bristow, Britain, Britcher, Britnell, Britt, Brittain, Brittan, Britten, Brittenham, Brittian, Brittin, Brittingham, Brittle, Britton, Brixey, Broad, Broadaway, Broadbent, Broaddus, Broadhead, Broadhurst, Broadie, Broadley, Broadnax, Broadstreet, Broadus, Broadwater, Broadway, Broadwell, Broady, Brock, Brockbank, Brockenbrough, Brockett, Brockhouse, Brockington, Brocklehurst, Brockman, Brockus, Brockway, Brockwell, Brodell, Brodhead, Brogden, Brogdon, Brokenshire, Broman, Bromell, Bromfield, Bromley, Bromwell, Bronson, Brook, Brookbank, Brooke, Brookens, Brooker, Brookes, Brookfield, Brookhouse, Brooking, Brookings, Brookins, Brookman, Brooks, Brookshire, Broom, Broome, Broomell, Broomfield, Broomhall, Broomhead, Brother, Brotherson, Brotherton, Brough, Brougham, Brought, Broughton, Brow, Browell, Brower, Brown, Brownell, Brownfield, Browning, Brownlee, Brownley, Brownlow, Brownridge, Brownrigg, Brownson, Broxson, Broxton, Broyhill, Bruce, Brucker, Bruckman, Bruen, Bruff, Brugh, Bruin, Bruington, Bruley, Brumage, Brumagin, Brumby, Brumfield, Brumit, Brumitt, Brumley, Brummel, Brummell, Brummett, Brummitt, Brumwell, Brundage, Brundrett, Brunell, Brunet, Brunger, Brunning, Brunskill, Brunson, Brunswick, Brunt, Brunton, Brush, Brushwood, Bruster, Bruton, Bryan, Bryant, Bryars, Brydges, Bryer, Bryers, Bryne, Bryon, Bubb, Bucey, Bucher, Buck, Buckel, Buckels, Bucker, Buckey, Buckingham, Buckland, Buckle, Buckler, Buckles, Buckley, Buckman, Buckmaster, Bucknam, Bucknell, Buckridge, Buckson, Budd, Budde, Budden, Buddin, Budge, Budlong, Buff, Buffin, Buffkin, Bufford, Buffum, Bufkin, Buford, Bufton, Bugbee, Bugg, Bugge, Buggs, Buggy, Bulen, Buley, Bulger, Bulkeley, Bulkley, Bull, Bullard, Bullen, Buller, Bullers, Bulley, Bullinger, Bullington, Bullins, Bullion, Bullis, Bullman, Bullock, Bullough, Bulman, Bulmer, Bulson, Bumford, Bumpas, Bumpass, Bumpus, Bumstead, Bun, Bunce, Bunch, Bundick, Bundrick, Bundy, Bunker, Bunkers, Bunkley, Bunn, Bunnell, Bunney, Bunt, Buntain, Bunte, Bunten, Buntin, Bunting, Bunton, Bunts, Bunyan, Bunyard, Buoy, Burbage, Burbank, Burbey, Burbidge, Burbridge, Burby, Burch, Burcham, Burchard, Burchell, Burcher, Burchett, Burchfield, Burchill, Burd, Burdell, Burden, Burdett, Burdge, Burdick, Burdin, Burditt, Burdock, Burdon, Burdsall, Burfield, Burford, Burgamy, Burgan, Burge, Burgen, Burger, Burges, Burgess, Burgett, Burgh, Burgher, Burgin, Burgoyne, Burham, Burk, Burkart, Burken, Burker, Burkes, Burkett, Burkhead, Burkins, Burkinshaw, Burkitt, Burkley, Burkman, Burks, Burland, Burleigh, Burleson, Burley, Burlin, Burling, Burlingham, Burlington, Burlison, Burlock, Burman, Burn, Burnam, Burnap, Burnard, Burne, Burnell, Burner, Burnett, Burney, Burnham, Burningham, Burnison, Burnley, Burns, Burnsworth, Burnworth, Burr, Burrage, Burrell, Burress, Burridge, Burrill, Burrington, Burris, Burriss, Burritt, Burrough, Burroughs, Burrow, Burrowes, Burrows, Burrus, Burruss, Burry, Bursell, Bursey, Bursley, Burson, Burston, Burt, Burtis, Burton, Burtt, Burwell, Bury, Busbee, Busbey, Busby, Busey, Bush, Bushby, Bushell, Bushey, Bushnell, Buskey, Buss, Busse, Bussell, Bussey, Bustard, Buswell, Butcher, Bute, Butland, Butler, Butner, Butrum, Butson, Butt, Butte, Butter, Butterfield, Butterly, Butterman, Butters, Butterworth, Buttery, Buttler, Buttles, Buttolph, Button, Buttram, Buttrey, Buttrick, Buttrum, Buttry, Butts, Buxton, Buys, Buzbee, Buzby, Buzzard, Byam, Byard, Byas, Byce, Bye, Byerley, Byerly, Byers, Byfield, Byford, Byland, Byles, Byous, Byram, Byrd, Byrom, Byron, Byus, Bywater, Bywaters, Cabbage, Cabell, Cable, Cadd, Caddy, Cade, Cadle, Cadman, Cadwell, Cady, Cage, Cager, Cagwin, Cahow, Cain, Caine, Caines, Cains, Cake, Calaway, Calbert, Calcote, Calcutt, Calder, Caldwell, Cale, Caleb, Caley, Calfee, Califf, Calk, Call, Callaham, Calland, Callard, Callaway, Callender, Callicoat, Callicott, Callicutt, Callis, Callow, Calloway, Calton, Calver, Calverley, Calvert, Calvery, Cam, Camber, Cambridge, Camburn, Camby, Camden, Camel, Camfield, Camm, Cammack, Cammer, Campany, Campen, Campfield, Campion, Camplin, Campton, Canby, Candler, Candy, Cane, Canfield, Canham, Canion, Cann, Canner, Canning, Cannon, Canon, Canter, Canterbury, Cantley, Cantor, Cantrall, Cantrell, Cantrill, Cantwell, Cap, Cape, Capel, Capell, Capener, Capers, Caperton, Capes, Caple, Caples, Caplin, Capp, Cappel, Cappell, Capper, Capps, Capron, Capshaw, Capstick, Capwell, Caradine, Caram, Caraway, Carbine, Carbonell, Carby, Card, Carden, Carder, Cardinal, Cardon, Cardwell, Cardy, Care, Caress, Carey, Caris, Carkin, Carl, Carle, Carleton, Carley, Carlile, Carlisle, Carll, Carls, Carlton, Carlyle, Carman, Carmen, Carmon, Carnal, Carnell, Carner, Carnley, Caron, Carow, Carp, Carpenter, Carr, Carradine, Carras, Carraway, Carrell, Carrier, Carrington, Carron, Carrow, Carroway, Carsey, Carsley, Carswell, Cart, Carte, Carter, Cartledge, Cartlidge, Cartmell, Cartmill, Cartner, Cartwright, Carvell, Carver, Carville, Carvin, Cary, Caryl, Case, Casebolt, Cash, Cashman, Cashmore, Casler, Cason, Cass, Cassel, Cassell, Cassels, Casson, Cast, Castel, Castell, Caster, Castle, Castles, Castleton, Caston, Castor, Caswell, Catchpole, Cate, Cater, Cates, Cathell, Catherine, Catledge, Catlett, Catlin, Catlow, Catoe, Caton, Cator, Catt, Cattell, Catterall, Catterton, Catton, Catts, Caudell, Caudill, Caudle, Caufield, Caulder, Cauldwell, Caulfield, Caulk, Causby, Causer, Causey, Causley, Cauthorn, Cauthron, Cave, Cavell, Cavendish, Cavener, Caverly, Caves, Cavill, Cavinder, Cawood, Cawthorn, Cawthorne, Cayson, Cayton, Caywood, Center, Certain, Chace, Chad, Chadbourne, Chadburn, Chadd, Chadderton, Chaddick, Chaddock, Chadwell, Chadwick, Chafe, Chafee, Chaffee, Chaffey, Chaffin, Chaffins, Chafin, Chalcraft, Chalk, Chalker, Chalkley, Challender, Challenger, Challis, Chamberlain, Chamberlin, Chambers, Chambless, Chambley, Chamblin, Chambliss, Chamness, Champ, Champion, Champlin, Champney, Chance, Chancellor, Chancey, Chandlee, Chandler, Chandley, Chaney, Chanley, Channel, Channell, Channer, Channing, Channon, Chantry, Chapel, Chapell, Chaplain, Chaplin, Chapman, Chapp, Chappel, Chappell, Chappie, Chapple, Chard, Charity, Charles, Charleson, Charleston, Charlesworth, Charley, Charlie, Charlton, Charnley, Charnock, Charter, Charters, Charton, Chase, Chasey, Chatelain, Chatfield, Chatham, Chatman, Chatt, Chatten, Chatterton, Chattin, Chatwin, Chauncey, Cheadle, Cheak, Cheaney, Cheatham, Cheatle, Cheatwood, Check, Checketts, Checkley, Cheek, Cheers, Cheeseman, Cheesman, Cheetham, Cheever, Cheevers, Chelton, Chenery, Cheney, Cherrington, Cherry, Chesbrough, Cheshire, Chesley, Chesmore, Chesney, Chesnut, Chesnutt, Chess, Chesser, Chessher, Chesshir, Chessman, Chesson, Chester, Chesterfield, Chesterman, Chestnut, Cheston, Chevis, Chew, Cheyne, Cheyney, Chichester, Chick, Chickering, Chidsey, Chilcote, Chilcott, Child, Childers, Childres, Childress, Childrey, Childs, Chiles, Chill, Chilson, Chilton, Chin, Chinery, Ching, Chinn, Chinnock, Chipley, Chipman, Chipps, Chisenhall, Chisley, Chisman, Chisnell, Chittenden, Chittick, Chitty, Chitwood, Chivers, Chivington, Choate, Choice, Chopin, Chorley, Chow, Chown, Choyce, Chrisley, Chrisp, Chriss, Christ, Christenberry, Christenbury, Christian, Christin, Christine, Christley, Christman, Christmas, Christon, Christopher, Christopherson, Chriswell, Chubb, Chuck, Chugg, Chum, Chumbley, Chumley, Chun, Chunn, Church, Churches, Churchey, Churchill, Churchman, Churchwell, Churn, Chute, Cilley, Cinnamon, Clack, Clagg, Claggett, Claiborne, Claire, Clamp, Clampitt, Clanton, Clapham, Clapp, Clapper, Clare, Clarence, Clarey, Claridge, Clark, Clarke, Clarkin, Clarkson, Clarkston, Clary, Clasby, Class, Clatterbuck, Claver, Claxon, Claxton, Clay, Clayborn, Clayborne, Claybrook, Claybrooks, Clayburn, Claycomb, Claydon, Clayman, Claypole, Claypool, Claypoole, Clayson, Clayton, Claytor, Claywell, Clear, Clearman, Cleasby, Cleaton, Cleavenger, Cleaver, Cleaves, Clee, Cleek, Cleere, Cleeton, Clegg, Clem, Clemans, Clemence, Clemens, Clement, Clements, Clementson, Clemmens, Clemo, Clemon, Clemons, Clemson, Clerk, Clerkin, Cleve, Cleveland, Clevenger, Cleverley, Cleverly, Clevinger, Clewis, Cliburn, Click, Cliff, Cliffe, Clifford, Clift, Clifton, Climer, Climo, Clinch, Clines, Clink, Clint, Clinton, Clive, Cloke, Clopton, Close, Closs, Clothier, Cloud, Clough, Clover, Clow, Clowe, Clower, Clowers, Clowes, Clowney, Clubb, Cluett, Cluff, Clutter, Clyburn, Clymer, Coad, Coaker, Coale, Coalson, Coar, Coard, Coate, Coates, Coats, Coatsworth, Cobb, Cobbett, Cobbins, Cobble, Cobbs, Cobern, Cobey, Coble, Cobleigh, Cobler, Coburn, Coby, Cockayne, Cockburn, Cockcroft, Cocke, Cocker, Cockerell, Cockerham, Cockerill, Cockett, Cockey, Cockfield, Cocking, Cocklin, Cockman, Cockrell, Cockrill, Cockroft, Cocks, Codd, Coddington, Code, Codling, Codner, Codrington, Coe, Coey, Coffer, Coffield, Coffin, Coffing, Cofield, Cogar, Cogbill, Cogburn, Cogdell, Cogdill, Cogger, Coggeshall, Coghill, Cogswell, Coiner, Coit, Coke, Coker, Colan, Colbeck, Colbert, Colborn, Colbourne, Colburn, Colby, Colclough, Colden, Colding, Coldwell, Cole, Colebank, Colegrove, Coleman, Coles, Coleson, Coley, Colford, Colgate, Colgrove, Colie, Colin, Coll, Collar, Collard, Colledge, College, Collen, Coller, Colleton, Collett, Colley, Collick, Collicott, Collie, Collier, Collin, Colling, Collinge, Collings, Collingsworth, Collingwood, Collins, Collinson, Collinsworth, Collis, Collison, Colliver, Collman, Collyer, Collymore, Colman, Colmer, Colpitts, Colson, Colston, Colt, Colten, Colter, Coltman, Colton, Colver, Colvert, Colvin, Colwell, Colwill, Colyar, Colyer, Coman, Comb, Combe, Comber, Combes, Combs, Comer, Comerford, Comfort, Comley, Comly, Commander, Commer, Compston, Compton, Comstock, Conant, Conde, Coney, Cong, Congdon, Conger, Congleton, Connard, Conner, Connerton, Connett, Conquest, Considine, Constable, Constance, Constant, Constantine, Conte, Converse, Conyer, Conyers, Cook, Cooke, Cookman, Cooks, Cooksey, Cooksley, Cookson, Coolidge, Cooling, Coombe, Coomber, Coombes, Coombs, Coomer, Coomes, Coop, Cooper, Coopman, Coote, Cooter, Coots, Copas, Copass, Cope, Copeland, Copeman, Copen, Copley, Copp, Coppage, Coppedge, Coppens, Copper, Coppersmith, Coppin, Copping, Coppinger, Coppins, Copple, Coppler, Coppock, Copsey, Copus, Coram, Corbell, Corbet, Corbett, Corbin, Corbit, Corbitt, Corbridge, Corby, Cordell, Corder, Cordery, Cordes, Cordial, Cordier, Cordill, Cording, Cordingley, Cordle, Cordner, Cordon, Cordray, Cordrey, Cordry, Cords, Cordwell, Cordy, Core, Corell, Corey, Corfield, Corin, Cork, Corke, Corker, Corless, Corlew, Corley, Corliss, Corn, Corne, Cornell, Corner, Cornett, Corney, Cornfield, Cornforth, Cornick, Cornish, Corns, Cornwall, Cornwell, Corp, Corpe, Correll, Corrington, Corron, Corse, Corser, Corsey, Corson, Corte, Cortner, Corum, Corvin, Corwell, Corwin, Cory, Cosby, Cose, Cosens, Cosey, Cosgrave, Cosgrove, Cossey, Costain, Costen, Coster, Costin, Cote, Cotham, Cotman, Cotrell, Cott, Cottage, Cottam, Cotten, Cotter, Cotterell, Cotterill, Cottier, Cottingham, Cottle, Cottman, Cottom, Cotton, Cottrell, Cottrill, Couch, Couchman, Couden, Cougill, Coulbourn, Coulbourne, Coulson, Coulston, Coultas, Coulthard, Coulton, Council, Councill, Counsell, Counter, Countess, Countiss, Coup, Coupe, Coupland, Courage, Court, Courtenay, Courtney, Courts, Couse, Cousens, Cousin, Cousins, Couzens, Covan, Cove, Covel, Covell, Coven, Coveney, Coventry, Coveny, Cover, Coverdale, Covert, Covey, Covil, Covill, Covin, Covington, Coward, Cowden, Cowdery, Cowdrey, Cowee, Cowell, Cowen, Cowens, Cowey, Cowgill, Cowherd, Cowick, Cowles, Cowley, Cowling, Cowlishaw, Cowman, Cowperthwaite, Cowser, Cox, Coxe, Coxen, Coxey, Coxon, Coxson, Coxwell, Coy, Coyne, Coyner, Cozens, Cozier, Cozzens, Crabb, Crabbe, Crabtree, Crace, Crackel, Craddick, Craddock, Cradduck, Crafford, Craft, Crafton, Crafts, Crago, Crain, Craker, Craley, Cramer, Crammer, Cramp, Crampton, Cramton, Cran, Crane, Craner, Cranfield, Cranford, Crank, Crankshaw, Cranmer, Cranmore, Cranshaw, Cranson, Cranwell, Crask, Crass, Crate, Crates, Craton, Craven, Crawford, Crawley, Crawshaw, Craycraft, Craycroft, Crayton, Craze, Creacy, Creamer, Creaser, Creasey, Creason, Creasy, Creech, Creecy, Creed, Creedon, Creek, Creekmore, Crees, Creese, Cregg, Crego, Creighton, Crenshaw, Cresap, Cressey, Cresswell, Cressy, Crest, Creswell, Crew, Crewdson, Crewe, Crews, Crewse, Cribb, Cribbs, Crichlow, Crick, Criddle, Crill, Crippen, Crippin, Cripps, Crisp, Crispin, Crissey, Crist, Criste, Cristy, Criswell, Critcher, Critchett, Critchfield, Critchley, Critchlow, Crittenden, Crittendon, Croak, Croasdale, Crock, Crocker, Crockett, Crockford, Crofford, Crofoot, Croft, Crofton, Crofts, Croke, Croker, Croll, Crom, Crome, Cromer, Crommett, Crompton, Cromwell, Cronk, Crook, Crooke, Crooker, Crookham, Crooks, Croom, Crooms, Cropley, Cropp, Cropper, Cropsey, Crosby, Croshaw, Crosier, Crosland, Crosley, Croslin, Croson, Cross, Crosse, Crossfield, Crossland, Crossley, Crosslin, Crossman, Crosswell, Crosswhite, Crosthwait, Crosthwaite, Croston, Croswell, Crouch, Croucher, Crouse, Crow, Crowden, Crowder, Crowe, Crowell, Crowhurst, Crowl, Crowley, Crown, Crowner, Crowson, Crowther, Crowthers, Croxford, Croxton, Croyle, Crozier, Cruise, Crull, Crumb, Crumble, Crumbley, Crummett, Crump, Crumpler, Crumpton, Crunkleton, Crupper, Cruse, Crusenberry, Crust, Crutcher, Crutchfield, Crutchley, Crute, Cryer, Crymes, Cubbage, Cubberley, Cubberly, Cubit, Cubitt, Cudd, Cuddy, Cudmore, Cudworth, Cuff, Cuffe, Culbert, Culbertson, Cull, Cullen, Cullifer, Cullimore, Cullin, Culling, Cullipher, Cullis, Cullison, Culliver, Cullom, Cullop, Cullum, Culmer, Culpepper, Cultice, Culton, Culver, Culverhouse, Culverson, Culverwell, Culwell, Cumberbatch, Cumberland, Cumberledge, Cumberworth, Cumby, Cumming, Cumpston, Cumpton, Cunard, Cundall, Cundy, Cunliffe, Cunnington, Cuny, Cupit, Cupp, Cupples, Cupps, Curd, Cure, Cureton, Curington, Curl, Curle, Curless, Curley, Curlin, Curling, Currier, Currington, Curry, Curson, Curt, Curtice, Curtin, Curtis, Curtiss, Curvey, Curvin, Curzon, Cush, Cushen, Cushing, Cushion, Cussen, Cusson, Custard, Custer, Custis, Cuthbert, Cuthbertson, Cutler, Cutlip, Cutsforth, Cutter, Cutting, Cutts, Dabb, Dabbs, Dabney, Daby, Dace, Dack, Dade, Daffin, Daffron, Daft, Dager, Dagg, Daggett, Daggs, Dagley, Daigh, Dail, Dain, Daines, Dains, Dainty, Daisley, Daisy, Dakin, Dalby, Dale, Dales, Dallam, Dallas, Dallin, Dalling, Dallis, Dalton, Damask, Dame, Damon, Damp, Dampier, Danbury, Danby, Dance, Dancer, Dancey, Dancy, Dando, Dandridge, Dandy, Dane, Danes, Danford, Danforth, Dangerfield, Daniel, Daniell, Daniels, Danis, Danks, Danley, Dann, Dannels, Dansby, Dansie, Danson, Danvers, Danzey, Dapp, Darby, Darbyshire, Darcey, Darcy, Darden, Dare, Daring, Dark, Darke, Darland, Darley, Darling, Darlington, Darnall, Darnell, Darney, Darnley, Darr, Darras, Darrell, Darrin, Darrington, Darsey, Dart, Darter, Dartt, Darwin, Dary, Dash, Dates, Dauber, Daughters, Daughtery, Daughton, Daughtrey, Daughtry, Daulton, Daunt, Davenport, Davey, Davi, David, Davidge, Davids, Davidson, Davie, Davies, Davis, Davison, Davisson, Davy, Daw, Dawe, Dawes, Dawkins, Dawn, Daws, Dawsey, Dawson, Dax, Day, Daye, Daykin, Dayley, Daymon, Dayton, Deacon, Deagle, Deakin, Deakins, Deal, Deale, Dean, Deane, Deaner, Dear, Dearborn, Dearden, Dearie, Dearing, Dearman, Dearth, Deary, Deas, Deason, Deaton, Debell, Debnam, Decker, Decourcey, Decourcy, Decoursey, Dede, Dedman, Dee, Deeble, Deeds, Deeks, Deem, Deemer, Deems, Deen, Deep, Deer, Deere, Deering, Dees, Degon, Deighton, Delacey, Delacy, Delafield, Delamar, Delane, Delaney, Delanoy, Delany, Delaware, Delbridge, Delisle, Dell, Delle, Deller, Delling, Delman, Delmar, Delmore, Delph, Deman, Demers, Deming, Demming, Dempster, Denbow, Denby, Dence, Dendy, Denham, Denholm, Denier, Denison, Denley, Denman, Denmark, Denmon, Denn, Denne, Denner, Dennett, Denney, Denning, Dennington, Dennis, Dennison, Denny, Densford, Densley, Denslow, Densmore, Denson, Dent, Denton, Denver, Denyer, Derby, Derbyshire, Derham, Dering, Derrick, Derricott, Derrington, Derry, Detherage, Devall, Deveraux